{"cameraMode":{"drawMode":0,"name":"Shaded","section":"Shading Mode"},"sceneLighting":true,"audioPlay":false,"sceneViewState":{"m_AlwaysRefresh":false,"showFog":true,"showSkybox":true,"showFlares":true,"showImageEffects":true,"showParticleSystems":true,"showVisualEffectGraphs":true,"m_FxEnabled":true},"in2DMode":false,"pivot":{"x":-3.093731641769409,"y":5.38360071182251,"z":-0.008660739287734032},"rotation":{"x":-0.0077251591719686989,"y":0.7507808804512024,"z":0.008774586021900177,"w":0.6604611873626709},"size":5.611855983734131,"orthographic":false}