{"cameraMode":{"drawMode":0,"name":"Shaded","section":"Shading Mode"},"sceneLighting":true,"audioPlay":false,"sceneViewState":{"m_AlwaysRefresh":false,"showFog":true,"showSkybox":true,"showFlares":true,"showImageEffects":true,"showParticleSystems":true,"showVisualEffectGraphs":true,"m_FxEnabled":true},"in2DMode":false,"pivot":{"x":0.5574142336845398,"y":1.113504409790039,"z":-0.1016923189163208},"rotation":{"x":0.019605040550231935,"y":-0.14378489553928376,"z":0.002816620049998164,"w":0.9893854856491089},"size":1.4361428022384644,"orthographic":false}